feat_0,feat_1,feat_2,feat_3
-49.18764748929286,122.57369824396582,12.350503186453476,8.808587133821034
87.80075786631441,31.513648573176265,33.643832238857904,15.258474493581609
-75.40130356223742,123.15181056640087,42.03630097241777,24.942311861178755
83.93178934679953,43.91216227100513,37.299172872970196,17.06925159544461
44.61708308107387,68.74342445909743,20.078297600385792,22.249317799342517
69.20781013988771,43.82457133389906,10.462581849789991,5.6213377001810185
109.89437558379502,34.652397831440034,-8.192100468344329,34.89913760530314
-33.85237145055819,104.76266842188207,25.13841364440219,5.151488985020342
-21.762509099385177,78.93077988016115,39.80502823615889,-1.2426023880282624
47.289251342528914,52.930872916472566,-0.5426869521364741,4.427971788657087
-31.348465854029445,82.44925048062768,-2.278113333486024,8.957247221157914
-36.335176134619246,110.59141122035773,-9.66781440655459,29.979441580449045
-42.05685261142645,91.0434937348282,16.32587478013489,5.617824137398308
72.42733382068623,55.09179591788601,27.838675443714536,24.86984866258792
72.47410219004959,46.86142168011215,39.933992109766464,46.69783366291323
48.87619185015321,48.49016041859575,22.288446105986516,1.981062876184337
-40.417773078159044,106.05530508992952,45.963989549311,2.8700293602489206
73.58062020527325,42.5419798645549,-11.914129069136546,34.28320229500545
8.275454235623597,91.0014561730454,3.9950890039247637,47.42128089704572
-33.602210138075215,95.052093610159,43.20717408152733,19.629763522626835
-1.696826310633995,83.05818556381507,-1.0412083648140396,-1.1029167240365931
-8.974222065310961,90.8988411577849,9.43628251371988,14.21409559363002
-69.43214542959969,129.40456623625175,2.455856031100167,4.289498569052656
21.21461400934017,72.24547045501394,62.61514062453308,6.484240995776807
-18.32949664224369,87.52166651044676,45.13625149517169,20.471483185569177
13.047649581332173,81.04483953584568,-6.32140971793746,5.716141635205093
88.30329217998285,27.052477553886817,14.111826452380063,13.548693217272435
31.65036936605821,79.8058219975675,3.756497872592264,10.55268642909202
-10.209110097524094,97.01277748433543,1.3905251362133275,6.223119962452262
59.58325167919102,48.88890012214851,41.70818998541353,26.676217633952284
89.85652518963883,29.098294728714695,-9.996608618815628,24.598102345014123
4.41001529324648,70.48902059031124,45.09311572012782,6.638174952417276
85.72410493073208,36.99310359832927,2.6065972651556955,37.70261763666771
-78.12266567751476,121.75829252092115,-3.5816515497635097,10.43704674291486
-59.847126891325495,102.16386361054235,2.1432154298092407,18.554416560512156
-51.768515857472735,106.67333903699223,0.24128343032452781,43.64110580654673
73.20921287118242,40.083093685000854,39.65800159780083,14.96615868847111
39.9374604365685,54.68538648720838,40.34905568441773,15.165987005580263
45.98085753808303,54.223251570559,23.055652719958776,-11.365302351786848
-37.11077497384679,99.89390229617476,12.549529356556144,-9.327880913606608
5.004515180924729,75.3818103562449,11.500311830428904,4.8871401419096845
65.20244882095976,42.067169595233956,6.6837296606800045,11.944520622409286
-70.82961849656853,128.927772882014,35.36381056346911,3.153075992286851
-65.0566837840391,111.9798914442317,36.3396362420745,20.961203723113524
-68.42955650181631,130.75241580305968,50.02135126977652,42.20329841017867
0.37144353186673784,96.47960974853075,-7.812534885091966,21.402035851698646
74.83286110029428,47.37323787316429,24.263655427707914,32.34786878352355
12.760335301658817,74.35082098001553,11.64885995848217,-4.354815720341206
-10.504461003586231,94.44468452985578,-14.330005141348293,27.621963279286724
6.382510127878112,107.13237078415575,31.75567607772913,27.080636959691873
-44.48580050025382,88.51306169395971,35.72435015662216,31.713312794604825
81.88409669333288,39.75064976296862,37.54604710619487,29.06704259109179
-20.432984048230043,80.74433500809481,49.040110166902544,27.54949325317923
-38.37157433554553,100.82822829536423,-6.063292501266941,27.90442901493852
-23.389055783778428,92.34639209130424,6.317141315065948,19.341870810980193
58.2935103156029,53.18123092535084,-0.9713619261870668,10.609883596169
-25.34062541547546,101.57134323900206,5.956594332707619,19.384675963835175
84.54668973724763,45.115318047137166,-12.16355383971696,3.3758995704735026
-20.182774075895704,97.57302408479534,54.22530762380019,17.31727850825137
-4.917331452114255,99.84216842748295,35.2827182054557,17.912244695184548
-61.98193896506068,134.8111782396764,21.78555808430183,17.531851760296558
87.03611839036304,35.014285412496555,-0.3316254002037241,24.203177997522644
69.55058600990097,45.22096384336027,36.1893234952257,-0.08082686775225485
1.609420506542703,77.53508531455263,35.794018065104055,17.96033403928255
-59.599511877400985,124.41776549308682,47.330275489461926,2.870536925729934
5.306179895848639,91.26433623396107,36.56122071566403,6.432218562844045
-17.395903792346925,84.18664095326264,40.61273932589718,10.876908590171729
67.83595892848734,49.87410659514823,17.786944952711877,17.710731971178507
78.5276101002494,41.75596222746657,19.97123037539281,19.87242495602906
45.75657166815227,66.96002478963702,-9.182937462273951,18.331627411130558
-30.59082992698727,93.94822725241522,50.16701752885089,18.40727228586404
-90.91529082381906,144.33945852928204,11.352935490051548,27.737316740760004
77.88543233322699,42.42726391511638,34.99475694096243,19.612348176116587
86.46561549702918,37.589650928191546,37.858931349613854,24.803329628051884
-50.76557978382562,109.56639509218074,24.178982600272224,30.38923852100439
6.0276501786869945,78.73183509484542,-8.714606662379161,17.243710069048095
2.4817405578742413,78.71247671743593,44.667058275202365,14.252905630307422
81.9767057634237,41.704920645573296,10.217393149740227,8.528314264144761
-73.91728069578639,93.13185118630123,22.313940753734325,6.657385605100504
-66.72926417401925,110.3950212972784,53.78215779171381,16.9884355413735
66.21597443160812,43.129943883653674,35.88654965147835,19.010781534774896
17.705009365243285,80.86955105567283,51.37366590673574,36.73974496430877
-0.6327291811373884,75.22459673616908,33.85798776934532,25.919736681772775
56.72863585159227,64.08830857164969,36.500484501436326,12.575236685013587
23.288437858086226,73.05419845620051,7.77014836408047,23.28855062098707
28.11431765174191,71.45856635174538,26.092720181161358,-12.706251208937937
-35.55288773870778,116.53977420866936,0.24811181777466762,-11.220551829228778
-64.8485368657647,117.48507613726309,-2.527158294486489,3.7739306042255847
-77.14782127698028,125.27214759606336,-5.003870816255017,20.843125651335335
-25.97844042787646,95.63034859943821,-11.90332397667542,18.84963854017616
31.816066700545704,65.74135964506318,40.50422994989216,19.136275472472587
-14.33952281575372,101.76778837275533,28.68773596085944,22.673425386463805
-19.006556711805693,100.88620222118574,45.831818604983816,-9.773082473972522
28.041470044468856,66.05851066904395,16.94040591445335,29.496660887095626
34.647958277912004,50.06125970916264,-0.9228307604569714,12.11993382402126
21.673344744934543,72.37206630852269,17.146578325301085,2.270001049745034
-25.101221562695642,120.28858055245136,10.312392605535061,7.02206414802813
59.10021024928175,46.888539165781395,28.303187659996947,9.545909180008607
56.068621689040384,51.81579016512626,-7.9180138499040895,17.675362707210354
65.24430817826506,36.65436243553923,-5.76274969542945,7.0978210276224285
65.16303881644434,33.596461109134935,48.24329121904856,3.201682038487621
-77.71032234588776,132.8515185079816,35.66260533528288,-1.3557519320954394
32.16504690308698,55.12687431710412,17.888690874834182,23.587731873292935
-23.347421536776785,105.60170888274287,29.519697126906266,-1.362152675018796
-13.91847673839246,93.1182893798757,30.22253617418721,17.329497395448175
7.9812664976446,70.79868485074427,14.532712741517814,23.19920845691128
-58.67362374130555,118.81372582261409,-3.983338799250792,14.070477747237964
-36.678206624596,108.76015561166614,-11.920359739658727,28.817646994205298
92.14617746124185,35.796829228349054,1.5998211886612002,49.350939078734505
-27.020867261816495,84.08233120909968,-10.798074105563414,15.873242446455658
84.46409855785785,41.887637849755826,-10.83605147978562,22.328991263335286
34.32677931499324,59.4934186280239,20.33736784784737,23.52184957313469
-27.531661026980398,102.38232247374529,-2.5234121886526797,28.42013338117024
-24.44812067705201,111.36724466600343,56.79593847877064,14.358007387848623
26.46031956747194,58.00750140507036,26.380766889936737,23.459676436598315
40.705796558066986,61.329205322831875,37.842711965415575,13.177157554546426
-18.364723881546,83.73008875395857,2.2437236136108054,12.739673970918462
-46.06085968171977,114.34933139948225,48.02436440723725,16.80371941964208
-47.45314070401878,127.3557466475341,20.070068335411698,26.913520944189745
62.640186722890434,43.97211514980689,16.96302343413375,25.75902435329532
41.885765787037734,55.352930991667876,23.127971478390208,18.47279184520376
-75.447676222491,124.84137728950432,10.250230401620842,15.61880463744442
64.61806555935462,45.314287108408195,15.327041464805614,25.300464126109688
20.634028125414442,68.3259574556237,52.41376604076827,17.29275842163657
-20.586929703993093,87.22705786965346,12.50412008210218,-4.933850069310813
78.91611531438028,36.475212228467704,2.4126295429889293,14.110596677785535
-55.192556534849246,114.302223730922,48.21674927938171,12.19264093037615
-53.70556611298366,108.75932774983765,55.90562039832915,29.282015935669627
-20.54011166076246,84.13528460955727,28.102953967374617,18.643613851573843
46.75545876953871,57.22247926761828,-15.568680992965717,2.7597062315217817
12.58577897172899,69.37759093841447,30.470262827419997,36.21523731746474
3.5604840984628106,100.45113074440496,14.181224702867953,23.24205079631677
76.6605272242902,34.01900383829402,-11.042101593294664,23.563231729297783
-10.58028933769852,90.78930071042413,31.854767244179552,17.970703850831057
42.05519739183613,55.481763694232974,32.284971983520606,-5.692423527012967
-86.01515978287797,125.48610632159435,28.85177794981606,67.46041681183429
59.17744820383803,57.26658295860632,-4.150059703980647,30.235237710633747
-57.23932400957506,107.95742705187888,-13.195834449586648,45.736283274088784
29.77797822021488,59.07666503644978,15.533658637444535,15.270604571858978
58.64322486346118,35.00270368108663,17.67221506281272,10.164770808109912
34.743718080628476,70.18284214093192,35.32903451151664,0.7034561429284194
18.694236880028104,72.47740130531173,-10.303775408956051,20.411755313001553
14.516703550084928,74.86692472740707,29.129273454016225,2.0073103284472196
52.73754625120773,52.83495991527183,-9.298743756773192,19.923855161545294
-18.765293631555476,100.14998812245852,-7.863630335710318,4.9979196334394915
-37.19472048583669,109.49025972682757,-8.14167274756776,20.060533480531824
15.496104959098886,82.12748426228045,50.1239521924367,38.83780036415367
9.624260909196591,77.37499708997882,47.41370537850591,25.439017786433965
-56.92642120212379,135.74597769330623,-9.095779214891413,22.856609185005166
12.142438616252834,75.63272970413207,55.27950484788344,13.938778235087232
0.10208995757865115,94.89257996393954,45.04539716498821,18.57612419975487
-56.17448730692306,133.99035387304355,6.755018145837651,9.8455541248363
40.03585979896028,56.062477579222445,38.388686542255925,5.28361154736612
61.04741194431129,50.69269786537339,14.937003074092237,22.626111697611005
-22.389385704880876,94.7693922051367,-16.02618397323868,22.31333222909778
64.8112666630483,46.87726481386189,-6.017825547920108,10.775562862107131
87.78591392078629,36.09329426338996,11.63604358377935,-0.05060723168405679
29.706214426142132,63.95585839160602,-8.459402019734878,15.974980712069073
-10.845045958142872,86.36119158800145,-6.672798692864045,-0.2838579386660613
-33.09048723818052,106.90172901689493,52.09905422396326,13.693382768210206
-57.02197944533885,99.72068387055428,41.84781317914178,18.28065252949213
-35.02893738242452,93.9735927611386,4.935332658429872,27.372951713494214
97.35247284174805,31.04679992842888,-6.848310676189049,11.51820653651439
-67.6277946015964,124.45801145002467,-2.2460552963365883,2.930943963455332
69.12792545611411,43.921066286757835,49.5587346368164,25.49114538774518
44.675244247947134,61.23395129326047,43.07695209958597,10.049038830230286
57.49250438588298,52.190216940158436,7.220418199862857,31.309473198859056
-64.64174425217017,125.00634830604257,-10.56117197723363,0.8846265793052043
33.89168418028084,61.446355551626375,16.811318009927913,18.648079655970093
-44.10905288487121,120.5277010520255,33.76354981491488,15.046664845272172
42.340316683033855,59.14306285705105,19.471669582901807,13.886367746150649
55.87064285531531,52.15150434714062,9.862977521902641,21.16360030306083
43.29163423534966,67.04020687817575,15.816219172830872,17.535794709203035
12.182572659605231,72.49123371142514,-4.512899328223451,15.607992752678758
70.24143269191605,49.29693093725232,4.731297410495494,25.314160386817562
-40.56098872405136,107.17953444507985,38.78554058037815,17.21335642963341
-54.477502452249254,107.08374695357026,17.534973192058455,31.74290745318096
64.62791359035022,44.83931659667431,47.83028720706809,6.833979166100743
-74.48334921143035,118.5248598887097,14.154505613135342,-8.485199837373383
-8.429896127883335,92.49205953642227,25.00158312146978,-0.28566250053133274
-9.609658247352602,87.04378043216846,15.816756553861767,22.034309625986644
69.24105916891324,44.672511474321574,-4.19386693090095,-4.427543620479606
-15.10021966341499,95.29167421324497,30.134379996532758,16.022953408576637
16.342566043175474,73.3107399752683,-8.043075184327297,19.880189708849187
6.3452752104234,66.67929720454455,41.53315371189627,-6.155713745253969
2.252406173689494,86.79124789069351,9.070086025269351,9.540226963525214
1.1170605398935636,56.24383960549598,26.972759261892527,21.048314395468225
0.38407876917484557,90.94204130310531,23.435939930610484,5.64186889528549
18.97178517359669,77.02162223028432,38.36314425131428,20.186220185626027
-5.325120332328567,91.94279969671597,12.350718445209111,5.810819484475638
-7.149321281019258,92.65049195758532,34.12654967183051,35.209635683891314
79.1793460315028,39.458794329474784,1.386919687855917,17.83231396873915
80.85448127709923,38.01638180683354,35.22746391534693,30.16028717429508
-43.28355261827101,98.64448498385264,18.653418343762308,7.610090363998115
92.98473820309333,32.01940901255093,32.592346549800176,-1.829744533155633
-77.9065784733453,126.58943198889929,0.09939055961290148,20.112519098172047
-23.511627863471148,94.71946584514413,31.433393763018234,10.71705942663506
75.01756447965144,43.530867669579806,-8.279342187268284,12.834104614948423
-51.89023641786331,104.3871841329017,-12.751629256627309,32.01766399962378
37.939223051962585,70.7339286955167,3.5218652451816874,8.24997113989106
99.4672646157979,37.95014588420374,53.177772982558075,4.948869629707682
26.562444797067908,63.26134583358833,50.050470061919015,12.986374804027612
-1.1223527368014847,91.93471690475499,13.120281362296375,24.733549075387366
-64.46899803554615,143.90625283690133,33.78132646312385,8.431373953191759
-2.1928443682789287,72.70542033758315,37.323454528288615,18.1702698764701
-0.4133165749968535,73.01880168498704,44.68969368742026,-2.4624685768253807
48.05211379355553,56.613540846792226,-2.1784001420606183,-5.127265804371274
-12.4387490982794,90.46259187001053,44.51811195145197,2.1519979472658477
65.48373219764449,47.577239241317145,32.105621878884904,-1.5055369854417788
-10.973948062919716,81.84503842520682,35.26238441135704,2.1488962974522856
29.589609537143478,74.72781004316184,-13.917459784843048,26.178806540542613
51.45971829718473,51.71236177084526,46.74819487937345,36.58954650143318
-55.51617396148037,111.52847263788128,47.068699030681636,15.817689818243519
90.11783520500222,31.706719865250953,39.7812407889406,-1.6057163646599597
-2.532189197105345,79.09582340409452,18.685039215294385,0.8070582743448154
2.0388777631757886,95.08695991440423,-6.208096183744723,20.25018394764322
80.34438768485074,35.759289941300814,-15.474057849202394,21.293145909697376
18.013627177133642,72.15850762467065,3.365759743990829,30.20094747446351
11.3234163070032,73.97250471215173,40.23155574130123,14.267321711247808
-44.570045325198734,103.41339207567228,-14.573941007705878,10.14243938908155
-42.96788556256185,107.55169286616464,35.20176017264993,23.31863489539686
56.28612043147493,55.8177119531995,39.9944980961974,20.93397753815524
7.510224048792076,75.73180307968732,15.22778479686911,11.583630726212848
30.921743339440443,69.48150181187312,-5.692086741084664,17.33078399944185
31.196401384620994,60.46793622184401,37.66932250217353,28.390765263828573
47.125758816298685,67.81491440586049,-2.4078601923622256,36.48719135613427
-23.736683947920003,89.49246211395356,58.724639830536574,0.37160030662936017
64.88012109429148,48.77912401370886,4.97409992100743,31.436833250999488
-3.18527115904382,69.8747426083011,51.97646935482633,9.709007003614618
-44.980430734225706,95.54578087392727,49.70052985530156,16.141837967162875
66.85888214485479,46.58984871020569,-0.313942280407705,28.896388838861675
63.96345824189483,36.51177986020808,-0.156521586599555,4.3336144051185075
-65.3513497199961,97.10217230136102,58.33495952078105,9.961204627402203
66.88975807350137,40.153377688557555,56.36413862745547,19.328590341834467
38.63283404619817,63.06802414401689,55.80379923418529,-4.678459594619691
-36.55607811888345,97.83436953425185,19.594919110246096,48.58843086184817
18.403086982363753,66.19006461331833,14.478704663002686,41.26278049990226
96.85871674673838,43.035114909941875,8.441710473756231,24.7583830138391
-53.42072363826345,129.49224112614354,23.116707521126088,20.67520877550044
27.910408072977148,60.03502345815674,23.505486287635364,11.632034763499759
-41.98185282568441,102.51628535164991,-6.858560706903877,9.32250582595625
-59.2414685580254,109.70343891283281,57.14483342355059,47.647717027942456
91.00372451672911,40.262405378613515,44.214316769609475,22.15588126633569
84.14370873533123,28.290070255694648,1.0642610458990798,21.239222398949465
30.657586099520344,66.53365904813515,0.3243348190780293,-17.55271057065076
55.33824451389745,47.58010245562993,50.75305493289047,-3.3118154195748377
-13.318469323051838,91.07706242042183,14.86589499947419,34.74472246708606
-6.3789734779054985,84.69966972364108,60.47737421482968,-0.7413937866286144
28.85454792737108,60.74889185054737,47.11476399387135,12.976915711084384
64.33003531867297,42.85415259550859,12.859936386795223,20.49312203834728
42.677473780343696,57.59379380663661,47.36888477417413,11.880056070778613
0.5526920701645498,84.84274912557774,23.05165026157722,1.0644187670629799
22.21355832467712,74.81820974981514,4.051400762040667,14.310925841983043
-10.99520131305887,92.38103532944366,28.002090056645248,26.910663595666698
66.99367444217425,49.64688968051526,39.21541547277817,4.160481533262372
75.03343005548084,52.066781148049984,41.679813803067454,18.92269561304412
47.72282867494581,55.892106053323715,52.47870855337814,16.058687981214955
-26.573296903579553,112.20031023889948,5.375245841008724,-8.407727437337197
-14.626228144872147,92.96669726319637,12.667596930769502,16.072010179331155
92.45777354097278,34.843323516546754,28.754675646552556,14.327945416844328
-13.193433376179287,80.02232412645127,19.12194317340522,5.22381622301242
30.451761421054037,61.47635449491999,-11.342798922221897,0.31751318134123274
-61.75806222311982,122.2155670708317,-12.366940800964972,10.985989864049296
-64.03386476317769,116.54288201430174,31.464978764025545,30.866898151882012
-39.674912832339096,124.75022466146696,6.962775702743526,20.193601790317803
35.728359516817136,72.7918542736478,-0.4422552832191322,23.430769163474285
-46.30405552569208,105.09880201088825,45.82772676316638,28.446085716635633
30.996003345754076,62.131211437829165,-10.911725187407493,22.940397807853586
-64.13086016501468,100.40115236933381,-10.477442737743628,19.672058431463494
36.01190385298997,67.4414029487867,-11.439200074816009,0.07038734844130488
45.36614551593578,57.8996134078123,-8.313813659623808,1.8632709690852496
-34.16706763803948,104.82813820335073,61.95100679636125,-9.192346816171886
-33.59255117109952,94.96679616894559,10.986145376703762,-13.093414177742309
-34.51785614145749,20.908435700042144,3.074129042955516,15.910693522568982
4.863715651263377,-2.7630657839028454,18.478177184791367,39.679544504868396
-49.150377451883564,28.09295602117069,33.52303410577396,5.196793537384331
-42.15215339601172,22.797591744073724,46.29389236037663,8.523005634916364
65.26245169662816,41.0921148148207,-9.831293352846364,2.186584658809602
83.1389812874735,38.083596116588815,27.869769850922797,38.328921550114444
-49.91230304014959,110.6329161044,23.766021467431635,-8.404920172859805
7.392693614197381,85.9197092976881,8.879147689523046,30.754857951376398
33.899136999426744,66.7407082509138,46.38776248214392,39.714137166474565
89.53613450367136,38.790436760040805,23.82835833051054,36.42957002856547
16.85686105742729,78.02643980138984,8.615631838239329,28.712275272483787
11.835606050567106,82.58552322326577,36.488160325821255,15.673477748376813
49.05335672648238,55.38141017062473,32.66109881399892,23.342387967460084
58.80476425978413,47.39946297851578,23.960456103271145,3.403948173309964
34.79479774398649,47.70644214471431,21.37328134649507,33.28031995802313
22.929947752125848,66.90289931527023,1.0893372644745543,35.32306853193741
48.578948883065884,54.09491138128874,10.496536177595184,9.503279809731039
-79.17935392663134,128.64146676997672,18.769982402735877,20.900263855977066
55.524954068235495,53.21613875851481,55.771365054215835,-0.3823340286385549
-44.92561141466941,101.13225838522797,-10.625075774426637,12.180410932558077
-22.84117585931248,102.62338857960074,7.785555507835069,14.257994834457804
-10.992450503096086,92.67160349427884,-1.1959807693829516,26.753603401477314
9.539149717653268,67.84444176557106,-13.047847425357114,8.76700647939529
20.56361955316748,71.37475794673837,-14.394422204112,17.006299198942774
19.375171351984548,75.26999016464339,-6.501988276186438,3.622756182573785
-27.899708483775367,105.27644981308258,28.27093968666731,17.55586186505582
-17.48039127675964,111.23375271603946,22.500896518128336,35.9898473054842
29.25390295330175,65.9484634921762,-3.893342722340811,18.12917089764886
86.38975386220328,46.401558628280554,15.923507442757971,34.61495237037225
-13.986614949883103,92.84955652923973,11.700374946511623,-17.308147325853923
-78.21375470904513,96.13391709113026,-4.042323145846303,30.235129769769067
72.63149035581702,41.30412075627382,-15.744531013785004,12.361219181270943
70.50117008111113,39.66872322858719,8.01198362580312,3.236445115625305
62.395859616846295,35.864770752415524,12.550767059832015,3.984789515699549
30.49651886478179,75.07814769209747,16.717241307126745,-20.792487606122233
-9.838502751923563,91.64064448809292,23.42595654727862,12.1212278843827
-58.04513520592106,128.37906158869708,4.4395717043144565,32.303732867695594
91.66272138881156,38.27688630044624,21.011314166411328,3.4746338227029017
-5.669450210062111,100.57030169386582,33.65420944397724,12.91825476943507
-62.13117619540605,130.95738898368947,39.28860489615554,7.094339064909754
29.063231080243654,65.78537681019078,45.06297124803342,10.748956960769464
-64.0730397096809,127.54997544894805,32.776753491366634,3.3363915630998915
-13.89968152658526,72.20330627049704,-8.926256782368785,23.57745244960277
26.289635932142893,73.00135895491091,40.19006497771481,13.576377635285752
58.950775182541136,57.838019518775056,51.269730642479985,6.371483215869042
-15.632076227254586,95.24873886428315,28.897071799376725,-10.474370318316499
-45.29657091006564,111.32305487310046,22.154699796729297,31.14302461812107
-18.174683919707064,92.30699316633489,8.045432777472636,4.736199865552676
53.5030318401957,49.93618592116957,-4.7282767263820915,-0.5442505743120856
-57.69713934328521,99.0135130610756,42.79299842294484,25.849423766589975
-61.15149779770427,109.59058391359774,56.471794867975525,1.515714704280548
-23.652689502292603,90.79398809923488,13.45973216962517,19.862210940497402
82.43235083470896,35.46584254568004,7.598624188574484,3.341430490090386
79.99248819657193,43.945658402722195,56.103282751832275,17.224934561706814
81.56049218694022,32.8479901171376,36.98845650543654,10.078353441717761
-69.22437568562616,116.57251546798804,44.47340394288674,11.740928797572378
6.78844374032815,91.86149655560426,38.75326884886778,17.46651934618391
-67.60197729772472,93.6000234039117,33.56485614153419,20.84524391733378
23.193093628261494,82.06305656912039,-11.378948121954261,5.139572184464985
42.237010156320565,52.843251807293655,-9.772352470092734,13.322179704372818
2.6037701191446714,77.74642497030233,39.83357032537211,12.396880603377241
39.45215935275245,56.581981325155326,67.37426760861023,17.43417801888264
37.86639031874175,61.402616260255286,29.680224789178464,36.4206916043736
6.328466684028689,89.83664293603198,46.140359439877415,29.429412554707724
-16.75660141768385,82.3092194036141,-14.543578393157432,4.60022910500514
-31.429249803856642,110.37471280781254,17.30787934834228,20.63449652123882
43.60416994077299,58.324367795568016,-0.9029198168242808,15.264197223973431
80.22310393451497,31.285016827955253,45.98328187684137,12.091683005998407
83.24802638453316,35.56721995199819,52.01086173844924,14.871097371335248
78.65286459132481,43.195279173216264,8.591676565341334,-5.168931464326158
60.939542014030074,52.9644891847572,8.46003476891951,5.562378385246256
33.090001446478325,81.38353073343639,8.689094381319705,20.598217545344486
4.17915953875699,80.11540018813943,42.38864894253291,12.971103291941937
-53.255523081069036,133.6658539871875,3.937315447763275,29.48011535011772
59.02962092819375,54.50639762079207,-10.996590189942934,2.0942216921803576
-42.013372275171974,126.10494981459382,39.37982482890198,22.78671459013548
82.8733065916913,40.94253271758471,6.703411642176918,-7.752513416077971
63.03294430575759,45.95274886526282,7.004979430292553,28.33736324694026
-27.54126968555805,101.99166182054441,46.46162957922476,20.824103386700052
75.74049766670718,42.86490779414723,14.416095895237477,27.691486421556647
46.04188941328274,49.168651872695,40.66757524942557,21.568651877944394
69.94479279580223,52.56832898352346,29.950337013282656,18.49200016857387
-62.192605524020536,105.14244539175463,11.47626451039989,-1.621983801841581
-39.0871673855023,100.91815726549991,14.232820842580576,10.426401954069812
-48.621994448054586,108.66546086131571,6.9239614321484675,42.38579488088814
91.0413611811808,35.63835589503245,-15.385571475294723,16.600835405611456
-38.28348667160394,81.40013031084577,61.51696344088465,4.104981338259248
-4.118230125922919,97.26801881493434,14.073252198424132,22.481163848405558
46.66449937390204,45.97961993373888,-3.2986465964781493,19.06620576722894
-13.324956006726271,86.67298005653468,1.9996587274376831,1.644265408528285
34.63353971441456,62.560925153611464,10.256860076562687,13.13335991273212
25.21635969738831,72.95788881384907,26.875862884041332,5.8646597314546565
-13.620087701410636,97.51971495714463,-1.5925609791508042,27.963762681898384
96.31427420702398,35.6928854371156,-12.176607965536428,10.089094356912709
30.857772378850395,59.45364126687754,54.06675630369161,2.119397609387516
46.27311465196159,48.71229216709521,-9.01396243817589,44.31418622457263
42.61755645006605,52.52584742069896,8.206310629647476,1.3641106162228473
22.19494772016329,71.14290650630335,26.412093341658622,39.97884268383528
-48.707132144411666,102.1125832701699,-8.414181412018516,23.88142728035629
75.93863295236824,41.93231988684115,-9.118704380998132,29.848217923806125
63.211460132030666,35.762465473596556,-2.676362318557309,14.565749797935702
-69.52819377754645,93.06135100552117,15.135752318369644,-6.867933754272593
-17.09556936779875,90.4328298403745,15.728868695768641,14.12867837377117
-35.11475345453297,121.93024619160467,32.14457067072879,22.370805777100173
-57.5588269230759,116.6806164238507,41.5452447433277,38.831340685399354
23.715865761575067,66.42287764894942,-3.435454361179788,-1.8778281794048441
-5.092252134566711,93.56696164443123,38.28562175245396,43.09314647098278
-57.734233898950144,137.97256421960864,46.77574131990319,7.302096574398155
3.1584090987242623,87.28606768028584,35.58526180314071,17.772265674411717
29.96353034756536,59.53449790503249,-0.7793714648423464,19.876697295466727
-64.21537319821175,127.32373098562323,31.6720573075188,21.13012075244617
36.960684981092875,63.856568938718254,56.51531844879319,2.0563174675503206
38.41297125338356,58.512094705208845,16.52600319451172,8.147563364454895
55.0472132270089,47.146905693262525,20.052948831164567,-5.388301464497777
99.040089259432,26.360961746955017,-9.394008535491059,7.891240289965421
70.11688661700508,33.83466641666943,9.80339330867587,-4.513342517602548
-18.40232648804804,78.89945671066718,46.595736979312655,1.2750741104487895
-73.84766073072113,114.56396324653316,5.04538168764989,29.10619157789231
-21.957858611488003,79.91184510198525,-11.770195248638633,-6.670395020867937
-51.013921978393796,102.57233217421087,11.258991046253442,7.685137901347342
60.48909649206635,48.46220717980145,38.01422299900953,-17.5157208872279
-16.60382580017431,90.25730424951396,14.656450427877616,-5.115326415468066
15.784634931435862,79.35747139125863,-3.555250270930675,28.887208795890672
44.95714628448381,49.141921137726456,12.43359040364992,37.03320169674628
-0.9431418597449716,80.10538959654889,55.5923453857257,-1.698451379866897
84.2913251458263,33.78410230792732,-2.7095126371666227,39.8363844359742
33.472531482142436,50.399093265112356,-14.992072787688025,25.599765102808018
21.394481050478653,73.28615978064771,53.79173960254131,15.111991639099697
-51.47475210012891,125.77020888536936,21.04754623156577,-5.244389572468215
-35.73617028221793,86.03450242770101,51.914185806419844,-6.145182955996862
43.68526583601741,61.63962758934783,38.41568651130089,25.74663898536334
-5.173710973979192,97.65915235384222,6.445807017549174,-0.41371999659721725
21.903261566787315,76.31811983068567,8.593827688278509,8.190838074453412
63.49162818621101,43.01858562673154,58.92493074771381,13.16599381324598
37.190857265537915,58.07066878248444,66.42453493382077,31.299211244064757
61.90697470894933,55.22106768546467,34.69783306237987,11.028986758931312
-17.217731622528582,92.57772477729652,1.4364832009953048,5.151204434102697
-72.2743974735657,113.42062909643668,11.427510097740546,2.7662179498291075
-35.38405616532517,81.09589063185204,-12.721206281102296,-9.1633157662267
69.2530817149034,47.90828006215362,30.468589011058047,-3.2049160230280065
-43.956223155908425,116.44554624415315,51.518121791429216,32.62138942564597
-67.08977032126083,117.13465231230579,45.35043981378718,-2.6342018801475398
-76.90581301387918,132.333075641531,50.55393022588413,24.682740413246485
86.08096026884361,32.040940008989494,28.325206993672513,51.2428092623312
-45.39181862750802,104.89401832775928,19.02495957441065,1.9519968584452327
-67.49853107024663,152.55072850681137,13.668958459761651,24.22498615773054
-17.22832434233294,81.23551072971108,-5.892533091974075,2.6009731693861173
-66.91693258656468,116.01722109224383,22.539179755686604,-10.369164410590116
45.37544874668107,57.33102590914932,1.6701716352528668,39.9221164651797
34.39275522345115,56.10682075259778,29.80232437945658,28.884692880565353
-6.457982060407488,81.40933753736702,39.34034316996241,20.64231065660085
43.60103269098218,57.791790766722585,51.862830405781764,-3.03102642314862
-76.91206953439571,125.10129155481819,1.9645114042939766,32.37084068207206
62.11852906140546,52.74270064946308,4.976305546874983,35.98794789460299
35.34133509958928,69.04371706148925,18.06342248958186,-2.6927043847740726
43.14599785769484,51.374421582426244,44.08187558886567,4.089536102218357
-57.4158149769381,106.62114710508816,54.8416686644912,-23.377567822125357
89.22244397138995,32.51824871184975,59.71285021115274,-9.51469087158988
80.56146062153579,26.258533954568364,52.46944121687129,-13.96208147830207
2.270806680676297,72.93508552482409,41.115181199808845,27.901045241102583
-25.465479029997635,82.93058701357822,-1.1814643882793872,7.908371373738846
8.498834996070007,81.41316770451883,5.1363052856716065,11.558539247084589
44.94982268021034,59.678021893813295,60.77678350406233,12.933400102443182
-0.9496449509745247,86.7277151474885,63.33234938128882,41.30932514566565
16.005382890780183,81.95953598730118,19.1376312761903,45.571432782621535
82.68715725719947,31.20522266414122,48.38374186322366,-0.8305127641548814
40.226274437719084,64.01153055212679,34.91810350776852,22.938732032864962
-14.912832998574991,85.0563715612148,53.56656260501647,28.271440897465336
74.88070232609405,47.18326520896148,18.524920924141686,16.241651245713154
55.18650786531943,49.24263545270953,41.884097466481734,19.279323379490357
-82.82900650135359,126.14159813987445,28.838549888096317,8.412283777814709
4.278593728739076,80.66836354935224,64.84599806434159,13.782428639330114
-32.81246034823263,83.84136689862413,33.51109513446985,25.158219059629612
-26.894072002257,104.65705665473834,32.63319369537272,-3.977247927074918
-17.238649367639045,104.82903904430168,53.13979302464863,21.141428492776623
59.952016466825455,55.2038681328424,26.48020390804153,35.13174441962506
25.64189124145801,72.75471909227943,22.034225046907288,-3.383777381323246
-34.81440280577524,106.24902522214532,-13.132910257820221,20.319112394755535
-56.36165527976179,126.04988291867666,7.46737907235262,25.994552925481386
-51.09249426575601,112.41520858043046,1.1901193269846142,15.577430404980149
-16.491737562217395,78.69635884387938,29.280278375497527,28.637426371249216
10.988506396383205,71.88279620143804,51.54757250819833,29.96222068534629
5.788773177689166,72.6118683150315,-15.442748192087334,17.325009530006515
-8.058018745592431,81.18360255024012,34.62044087779587,23.297435317380355
10.385031648332596,78.96417369248508,60.33657695064758,27.806469074352467
-29.213910995659358,96.63127588788845,27.763245457819583,7.117042815382362
81.40533150805655,36.93983942743185,36.06826600656877,38.3161911018694
-46.77110638491793,107.86669663028454,43.90218846329576,13.919052753500518
-16.438422008514152,93.61119215943322,46.68048333700436,19.361164548196363
25.901891334156254,61.81135158257553,38.89407075560437,3.920337940235086
61.06678224432761,52.45607317447279,24.5488255864086,17.991059112539983
-12.141256457071743,95.2178200471549,38.131503800547115,20.08315894186259
28.639988387859034,70.67737163487877,61.19037550127185,17.203859235930594
-33.87664939638079,114.30091580382347,45.96476070564451,11.385047546174924
-80.92415329311615,125.99643556293246,-11.15680796482481,30.25162841607044
74.18122928613985,35.78968534677667,33.695192490274714,25.45111204507016
-80.72237579369398,136.94509698910744,53.54761237705259,33.27345418579506
46.04585234167609,59.1713198790659,16.0074632738408,50.43317172038206
-79.08694859967065,137.2180723537935,-11.129327801460931,21.334716503743365
-29.7602580753477,97.88318066304973,-4.494037969556859,3.1353121093734333
8.181994711432468,74.83346522519446,3.9002357224065243,7.493878174629866
65.1646015745698,44.484022608062496,1.225218684007067,38.85648678022914
58.79034950571392,43.49102025733112,45.91776829357857,9.612779353591733
-28.72391301026142,84.75007699681838,58.04521019312387,0.7312699962871795
-78.71312462808706,120.41425799238719,24.22686701007904,40.685066514050895
40.158985282927944,57.834264170545175,-7.81085521645657,17.271982760003464
48.386608154975285,52.217987282251364,45.89239546179156,45.02058025790689
79.47955886654407,38.13951977738567,43.1104649115819,26.0600402079714
-57.296836787972815,102.99684935012638,34.09952423512716,-6.187919369902134
34.876166202232824,62.935765887776725,40.23137343924073,22.451849029681135
24.32926960316674,74.41043154538687,60.307267287721906,28.63090701829945
61.373363660694565,38.89842021338691,34.82049185326369,12.077526647872405
67.89633882678928,41.606453647826825,33.8098925258601,-1.2594225346330408
46.05160021845532,55.72447926434527,2.608044314166501,28.700820996174386
60.01022283069824,39.35007418660592,15.94504132571336,18.14831335040343
-66.38957789424336,138.63584959268695,-7.808131472904656,45.88626133670678
105.23333465218154,24.707936368689765,24.52441503118106,20.581658372480533
25.06297817813301,65.06773469544393,30.781284015630906,11.214239282977413
82.06966871552956,46.514730431397844,18.272285592330768,28.39611587798901
-52.854159432090185,118.67702156299889,21.664070922535505,26.11528820226523
8.442632918224726,66.00665313392294,-2.4216585496377054,10.16014457773826
76.22256472169961,44.29143939298362,48.25965411643389,-1.7421501474225474
88.89997515175452,33.79800248941771,2.011946696584914,2.9479315888734465
25.75905945387874,66.27927695569115,0.6052873172420186,21.311769598644062
77.05659548796892,41.57664151660426,30.92776834043703,11.138353681119526
-74.12855929610677,143.17571354119752,36.33453042840592,-2.982400987585822
-62.40042044985443,108.1902584279965,45.417579559698765,24.699239970604907
-36.4703749986474,130.92789372185874,-8.737407601240111,0.1836665171161526
82.21378329844568,37.7126064008463,15.885743434949033,29.80085047703639
42.3414345633706,58.67912315612393,5.631150822562968,31.407840060812376
-6.9827521538945065,100.61709288706855,25.511692023491964,18.591992760503093
84.018080532702,39.626634331930696,63.058365933365316,-1.6948242287988255
9.163252565879189,85.35237094576682,59.74956441499052,-12.0586909455484
-59.865409762874975,103.00050983052863,11.222387987690464,-4.984560365622848
68.07985697122571,32.70328802091379,59.70678635375918,14.82726970050392
46.54047888780188,54.94445992206107,27.52873392111013,7.160689952054219
89.10271283899164,30.019828724501625,33.80605439879293,25.439452900743994
53.39711935241953,56.101220485466584,-6.419715242948852,-14.406343291157947
6.75444469698457,67.47800886619737,51.5128416210031,44.43076967123943
80.36736716067867,46.93988054085274,35.1005486898513,17.679243464317253
-59.65346308075358,112.57902627522141,4.46770263138454,26.88849318951064
-75.07547620865385,107.75795039385658,45.13606552932144,10.361321848740722
-33.95017445302292,75.76437201336346,20.336579818732123,17.29751595727792
70.1775853949001,40.406997825516605,31.439787811761704,-4.188332768082083
-59.08380694244254,108.84461631159418,33.51979466107903,31.07047588103971
57.01291414356722,59.76777875599619,18.10463475590382,42.368213665751256
12.494302471012489,83.10878420846245,34.31833134176854,-1.1289863233983168
-48.872161525507735,105.91151890720396,53.56638033246078,7.18124713055416
-43.10215905425677,113.03438756908325,27.17176736687047,50.732287656054986
44.744910478421616,52.983232121112614,47.340887517215165,19.09374479526789
-13.860566867810585,100.03808347579282,33.129386374791224,26.059995447944626
62.49645602465968,40.28414459911482,34.91580546252451,24.80556745878924
-68.37710656228246,139.58688079539002,8.443373724850694,11.035241851314401
21.421666359322312,75.96360567215983,37.38817332963362,3.3549494409924696
86.52141824132114,45.897935736934365,-4.043481302635597,4.934736787202793
-39.48208213486762,111.85839144967598,6.246333047983773,6.345258018471887
-28.61049107988242,102.3405924871296,33.18360685105468,-13.045715824032968
18.07036046638724,64.13405612546751,29.429550996522387,12.503318620566573
-46.668799183909,106.05536012170016,42.50142441582032,20.167208927532478
30.46836218837942,68.10012995515848,18.748821942068787,8.707935888848526
86.64376339753315,36.46701974358568,45.588978303082,3.5613537710465786
-29.992251110372735,92.51171866606978,39.4772446365637,11.059012246722125
-40.88758106314442,122.15016903144436,11.168890050861627,35.3786008982424
70.42045482598213,41.1234231432454,7.013300696868067,14.982461627970785
-73.81179129908874,138.08619151194878,1.759270216595843,2.7693448548745736
65.00403106678246,39.53705332090061,34.14531080676499,56.23196950093084
-7.68529562067703,91.14608643640632,13.705632982287087,23.38355434045409
55.981686098958654,40.502605130539976,39.917489072053485,34.29866310138476
-17.995602135531694,109.67866663207941,42.105002633099225,12.976955970875737
89.13170445524854,31.394909458977192,19.570745919585054,10.178464848770927
30.773447293567926,71.25713976436728,-10.220395930224267,3.461771602660111
26.753612512776808,69.99242996163505,24.9828132351272,22.92636610071222
-74.34319573685485,115.82555215197156,7.470990028610868,12.9049070810488
17.238303840827765,65.508463886284,-7.763693421556541,12.368438256431777
-35.1426237009259,104.04833974914865,28.352304151713234,3.5576835693997526
42.70041503501187,50.97823891585888,11.54093855900169,-32.528978360681265
-26.773338522162543,106.95665552073159,-3.304263525993736,43.27650566352426
-36.074497643701235,103.09560021767864,24.32014789992176,-2.0655001829917317
-63.60848314308163,87.85735851465633,18.73712267974342,-6.196675436742624
-38.36558530032355,107.81279484417635,39.986463091940614,-2.756917537858763
-64.619331777086,119.87972895502573,-1.5403077687322593,16.73436965538679
-27.882248115515495,95.0375684825372,51.280284708157545,20.332139081032572
10.17591652321257,78.2992751892778,45.84360530727861,32.0091268103687
70.18291285161125,44.297989441607335,2.934888355556899,18.377032235671663
53.284889816369805,42.11685863035088,40.39551086208486,29.961976199501958
-19.681244801953966,101.53228811030337,-4.402994809003636,4.5568292750965
72.97269176581455,41.56033487439166,9.633474267681976,26.014589303688407
-20.723339954772406,95.51189924127529,-1.705583550687993,36.458414928898236
-4.9996139987763435,79.19645435553396,49.38527154182949,6.844831438529807
12.325643727537024,73.92142213479178,18.044501184012162,10.340539182662502
24.00685887413125,68.32352301012713,41.0910182829699,22.195459669443316
3.8169646010462372,83.93909107297908,47.06780525974844,29.546624591257405
30.36718307700628,64.18906696373615,53.02179119272285,23.859616112054937
-44.98565612803562,100.86848884773913,13.036050580357871,32.28603921812271
-46.44956985365397,97.75821513627581,-1.4915110584276785,-1.5014457642159587
-25.351439000004994,86.26843218993142,53.77432866388912,18.39260995294267
-4.219899639211319,83.15513750340138,34.523720444691044,25.156521423067705
-33.3708020099243,102.63522001356382,9.90360702190659,19.874517640324154
20.891424699688294,67.29424383264208,53.37449943424773,-2.8757767067400404
-85.62974563422426,109.2329391096873,45.43838517237396,14.428989729753614
-7.183198017668295,88.74230423432758,25.22622914307416,24.80187476125881
-1.3212752504704157,77.95354118429009,-6.707083850660782,13.18199990994415
25.782125855604008,69.0138261096287,-7.11229865868498,4.672496302640445
-61.45376283559787,110.874117355904,-4.676444101075423,2.6970049814952297
28.801700401763696,67.99376765187637,54.74624825138668,19.730815027184725
-0.8202908742194196,88.93032166205982,31.4537550687095,9.725676859082515
67.57530729150719,34.2932794473468,-8.017742689332808,-3.2951447236081965
-54.68071162165775,116.53115205410069,-9.309634606357209,52.99713264556688
-9.025656147393715,97.79147091852089,18.0585897233801,6.362181882275554
61.32879197375269,51.63661604908185,50.9451159011338,22.988021361289476
87.47123469505792,35.729204147197215,-12.479664730477733,28.486274498453245
64.59413504218024,43.011469956492256,38.426610246064506,22.939280829766037
66.71327900833117,35.459386845362914,27.727093491476516,12.632113078930049
-5.108373767913399,112.99191433363613,-11.33943040777627,-10.724984807489879
-36.0260943810295,101.66498530386052,32.483391450912904,26.348790768026532
-36.919930657808344,97.81235819387062,4.003161952562537,47.503186679760745
34.17219801060963,70.85689663610245,17.945507178317314,22.722265730869527
36.30998287816494,57.04757591241012,27.94616231619897,42.137383189375626
-6.667036996754248,79.13171470295045,4.4954310961792725,16.086810561908365
-54.910678286394926,101.8562068520521,1.739363974797408,27.15720285522918
67.31256869444998,46.396788620982804,12.965271761791541,-0.306274388381832
-24.125581532129452,106.44540275047378,15.636144638244023,0.3997974727029708
-43.504089269317355,90.41270701237103,47.40115915403307,-0.41503617897988554
56.31444918207969,49.14689146901346,43.095347075527144,12.29546919043389
56.14999090750317,53.80190296137234,23.362294529643933,11.618236604061098
36.14639096682485,63.161606503374024,37.901992570860315,25.319439419022853
50.86468586629522,54.48711458636332,37.823521344601886,16.259019730368113
26.86604584143062,70.50081427614853,44.767443341515566,35.59733453932077
27.655990355869694,73.33567122063721,-16.922844222071312,7.398085569238514
-13.641456352973503,79.44745812952398,22.373927791094527,1.1774268674534947
-51.99335179761103,112.90324371184936,-1.394888091270565,37.69521954463132
89.90090285502836,44.511983818078136,16.452804499630965,9.947974367144415
-65.98848849490277,127.39248260104367,38.659919819321516,13.35071655294593
51.827123536667784,55.68616958116663,-7.615057021071565,31.524080527332526
-25.745184273182055,87.73350289772688,29.218321861917524,7.127489646704976
52.75123593047852,57.017753685147746,49.54333864755135,29.84171204301914
67.46608239617704,36.94539375597531,7.2351676069846755,20.438657730146296
58.46109389100458,46.82614525973585,25.760113855363304,4.993677476485916
-73.67053242550473,146.4337934256771,-1.6174844489076792,25.096348943624992
70.5612068563774,44.87407325046686,1.544486589364354,16.463686934488017
-33.99720455867754,126.20681801037783,-0.8206866651681011,-17.061865816839138
-38.120738858381266,129.0760571400832,10.629264382955602,20.294400221446576
77.72616818451115,37.506788883762326,8.436219850939576,5.015688324495336
65.50747800064477,38.34865988073749,44.196624381368764,33.97094859819709
-51.930482124493885,98.99344761353498,7.990115807730734,13.988082116939966
74.27434676102847,48.02907038493287,14.292607559539874,32.27082917350462
-36.14495136418001,102.86258714895352,8.732109770348817,-7.497308917596794
30.535588686946415,61.205242518600656,-0.43663130970239705,2.484773156901363
59.656478306908674,49.13460834995475,40.584551055720745,3.3418677365732385
-64.89728654965162,113.54877742413407,-14.357149519814657,16.12145498545852
-53.61550807010846,101.39074080652536,37.311974814264445,8.666415940785157
-53.81885531989528,130.48569249185547,3.9701680463168953,25.56564205783084
-45.50714595312089,97.21561979114264,44.93279787646517,48.01122940097193
57.81961910731847,39.88939150745946,25.881214619216784,25.209876716915225
-82.6994504727539,126.58547217259598,-15.000830945212044,22.69257430292135
-27.04990695925349,96.82889374227808,46.76764949496442,7.845007246560887
62.83222448084467,47.6334708048983,4.381305868145125,19.46784529135617
-84.21381152593409,142.7441180781673,4.6886151950016,11.449616298993048
-1.4344876687989765,77.60201983495858,34.179446377431404,6.640919743854344
64.4143922554872,45.85469904113425,-1.9483335010862521,9.122860866167612
72.72707626290732,43.73097158065876,-12.251388562956045,20.655325216286734
79.77128180562939,41.935408309664325,7.771239070634602,4.806130176940899
-66.37048563936003,124.36722513851113,14.863739842245174,8.823719299143967
-77.08181785260022,123.15223730982717,15.51143416893663,7.777326041818295
44.34842316633067,57.8820410737568,37.86111539119621,-0.5627326701649329
-0.8532556095400802,100.04841334090592,-4.8067004790054435,35.3960154635754
3.9295651810292096,79.04013382521707,43.043795659790476,0.8073192064838218
35.16688583305614,64.87968334731136,1.7287374905967643,39.061333604196335
62.47959724478194,35.80605473884152,-2.8243916558444826,0.12003310986342547
-32.35458868806589,90.51726220404643,-10.635965172995322,-0.9255837266527669
80.70958244081649,33.565942179013746,63.88775524637211,17.438958320687398
-32.754477645142316,98.26904568550746,24.953826702214325,20.954049179066057
65.9312129771904,51.55710549503788,20.25887842367184,9.667781970551662
-57.96277384593823,116.50515182641207,48.148947469352045,24.92089836790238
-66.16744521515722,121.75136836601799,23.614417451676072,-8.392062990643565
19.968315322612302,67.41718526604087,-6.982891591409826,7.62241817246468
42.00755176931024,48.59206949955239,12.477665609928737,18.126355034719367
30.677889376471615,69.52246992037092,14.90423539596177,23.713952664028998
-65.63124710358524,122.4285165951041,14.858698300480334,-16.783270239555353
83.40680099516516,37.54809243354007,-0.20357052305764578,26.5787635609875
80.50395266652482,40.319315201836424,47.04806500518884,8.896013880917165
62.569256796845224,48.75182001231857,56.45629265755933,29.910617067565358
39.42007894472529,56.625762328585935,8.319599796320611,34.41057557129759
-71.57136637334403,102.40174265790196,-3.5983191344112084,12.696487761540437
-3.7378366665595877,90.34249416331758,52.21255683804125,20.681104712792813
-54.909440347179796,106.44727372537828,-12.56915107101591,19.66435704999637
-47.82170611249512,90.58700496625168,43.07916336189068,20.00149414081902
2.2723422391458272,79.53692122764343,20.48973777423858,26.335543185346065
52.039773907410876,40.970828334888765,44.33291939298429,14.2944962310859
33.540167902232334,75.69638226134938,63.97496963169654,19.49179556189329
95.8833608613613,33.60258278625033,14.34475119162991,9.765576075203892
-22.394944662963116,86.83184279518593,38.730257015170125,6.519744377719816
-61.00451106888724,108.84941240967295,-11.420701071154063,31.71905588687787
47.939326373214456,53.24810705149951,44.542806729606724,1.178418097979767
62.243937063454126,47.529938228418246,15.465638053363936,4.225360609281415
7.468904570107804,78.77652058671987,50.131775790717654,20.003181708854544
-45.92977136661838,83.51134875626606,15.10963534017598,11.868517564076484
33.13103770399929,61.07182165996298,40.91351171414081,-0.8325493366027528
-33.955622603305,107.90016358162096,-0.7880456450862527,8.149810839017091
-12.01613072588688,102.59138625572476,-13.802340445919784,28.27084470887869
23.26972772879582,73.84459957808004,29.572223547110372,12.376105751830126
41.49589153278023,56.819480105551825,17.997071604578593,21.635675662888527
51.13184538489225,50.28942782062681,0.5362890932035338,18.924717633343384
-61.479975091276756,115.4821278926534,1.228803979620316,26.32404337934556
-11.387740184456659,87.81723404808153,-4.665985242614113,20.93115148239545
7.070864067652915,90.26730900173102,-12.907674787423083,18.984131122972467
-29.541831266886724,92.9137680169939,-5.13290400811205,31.530057478603236
-62.51734323131663,119.61204617299919,36.88501654992683,25.852055183757724
-37.09086262963138,105.03850352650466,11.423932957049292,17.129267792628074
-4.595061612853722,80.3917641679539,37.845178763541384,23.898109240750752
25.37167299368836,70.62137825894958,25.520719782379608,-6.827029035949888
84.7272489956668,29.31645017336702,-13.62086305388129,31.656279715682984
-49.184870518984674,106.14798518258357,36.692966383563515,24.820265122687648
17.380140556760132,59.32550448370676,31.1772699201226,-3.199137307109805
-44.479375838955306,115.08115560923969,-12.794192327452212,7.587476348944426
-60.19009709189256,108.30512843230424,43.50004195829289,4.906438454217354
-33.97442585496572,104.52313520139988,44.7291882413477,22.79766792467393
-7.4666165251820376,84.46114774698964,-5.330794036268244,27.134589766161895
66.57677074089847,49.15017142827462,42.52260911474622,24.773027051916007
-25.459276291132525,103.10378779882733,22.83834060406425,35.01487826192479
95.81159058912284,35.24104665219024,35.620431892241406,22.319255560449772
44.8911613394153,51.380773947148704,10.372580403203257,-9.297848849465632
-9.570682591265207,100.65097854085606,4.700578520593319,34.610953044117544
71.78883630608607,40.4831625244833,16.658386495918194,38.45539995940869
-33.65554691197338,96.72518870062642,42.48298828046118,4.905362595495155
-72.85325229322991,156.08472077372684,34.33745472582688,-11.176822835198493
-1.4871404054325645,86.66590538577465,-13.01781022182606,12.780945819182753
23.557058170560484,66.285295441674,39.11172551353314,15.634850072878113
34.58529697234718,58.51591173087832,59.34671865746098,43.11998798848714
-85.42621709127205,120.37334728134397,-0.2862767238487543,14.721726565785225
-67.58266951705836,111.81089580438913,9.559881610612747,-0.8903823054392542
41.025770119426085,57.704965524957906,13.633199802072442,22.587966969652406
78.80218683810969,42.41761611727835,0.7432311384951527,5.870404967422165
4.390059734580531,83.55639705549426,-9.28523238925218,26.509603844334066
51.267997223693065,46.25583855259551,2.0234201674892773,12.908402188922823
-52.27630825319082,93.58778848887643,-13.748066602408736,-0.5661337281546839
-60.32451872216931,117.08811088533157,50.42425932498901,3.6120455409539116
-0.1220539213832867,74.54632332670465,6.3170569582026035,18.721390066086787
73.25826296208655,31.993717532879838,1.9583349039352167,3.7687266053961053
-65.73381996790513,122.85845620330565,26.01528910501647,26.198213523642817
11.134204784196076,84.66276539586347,2.3625032452806507,8.92786225259183
33.86802952308659,61.6558667009928,27.81404277368758,14.608431457078883
-85.81962726432648,119.65377200853692,-12.748167720641307,-8.548490792808094
54.10119162509296,52.64799481362234,25.336035848063723,33.15374759399665
-48.697587599635824,112.67787447703245,12.934566657679177,2.084309676245
59.23271018738773,45.40108668818923,-3.1344331634878895,23.276597219002554
23.895387642612686,78.8389803654091,-14.498989073632616,-24.220910731580247
-60.04447037564889,142.36327152856705,17.034097082211208,6.497149348965493
-37.6420735490555,99.13206379203778,-14.493744734198508,33.5246625368244
-7.953971062972322,79.2084123500916,37.44698893153974,19.126742016456177
-61.736723853372744,123.87013106869901,-2.4735887843066897,14.132402707283923
53.4502992918621,62.03869674465565,51.502749018042884,26.688922827582626
-8.609950994307425,91.45916105373647,-12.453784522922938,-1.7055955966844842
-54.63828339395985,110.16998524151464,-12.080687188533215,3.4753931763277923
-43.727502571078155,118.99688217980714,5.174249918991083,-10.096018565222176
39.903290417777065,56.38538951152197,54.57922820666245,21.19973992338294
-5.632968305885133,80.84237285237982,21.232304099434753,33.77128490607013
11.064265888175054,91.00110667783903,2.272411654943279,26.65797614565409
-42.63412678018427,91.13733204856626,12.712421808651397,13.859533817790199
-30.287804179839032,94.29696287390111,33.98039781569091,29.551708612185074
-46.395049387646104,93.97706926371232,2.889200720983736,11.943626251565325
-4.2448384118675575,76.46530259683257,54.80508019603426,-11.03782409091028
-53.59007352239263,120.44814246441429,-7.341169127146071,15.613554420089153
-70.86249196676603,152.407724991202,43.143630999806525,36.85647080615487
86.32418794100845,28.86908348021909,-12.408270713677815,6.452462597363251
94.04700691978528,34.92548854919812,-14.540993084837748,16.652373890281293
-78.51756798568124,138.54829054140984,48.70956329198867,16.34831752290704
79.92973259380139,39.66360763900692,49.131501864969415,31.20733743549432
-28.354841489951372,109.42650790121117,11.119308066070104,10.355237159413557
11.976956385584499,74.88403936591304,40.754993144975444,10.37703182959579
8.324104144656125,87.46245029965188,-2.7555912573993795,-3.3450020902920667
-78.4984840121703,117.33252272875556,7.968445776697586,23.548875918437457
-24.01176968200792,97.0485324681428,32.08076257536107,4.42923760755726
-6.495631106095617,107.78145998482476,46.24863244685444,-1.3085407197986054
14.482648206650653,81.2607681736342,31.524174416694155,32.11535456230024
14.28841164762359,63.64581997181786,7.44137391077219,-9.296030087734549
-18.06397534536195,90.9207206519129,24.15841316777184,20.819572931219987
8.646093135046579,74.62414734530293,7.554437459407826,28.408415145023838
-64.08346135322167,105.44359036266302,14.627852674931715,0.24764813402590713
40.58351274028462,48.24161983530268,44.263838500266054,13.136015739337779
21.045982814131584,69.95515413152481,-1.9421043035316397,14.861671243458812
-55.82710593263152,108.24819931204374,15.366962207880135,14.426772638377034
-1.521413201504357,93.5930463777218,-9.816537988880585,-12.487121869850958
6.8958342242201605,94.86779242372617,31.46139051847828,27.17861171414808
4.848909376823292,81.66321781790019,3.7812606338933037,16.980162094751208
-40.48760639570021,110.91416918739313,18.863702535184764,-0.6746145570309877
3.3242277275290837,81.49211760509249,0.7228901418793613,34.94398634793204
16.702388593376096,74.06216330680489,-7.017304182424006,18.542197193593648
100.02718623124548,34.51414750421447,18.59759285543242,-4.511167477726144
65.81188285317072,48.01814050517121,25.380794921990688,22.102195436839043
52.323376295432496,55.18420673406661,14.483038005291261,26.510864414375895
-19.82467869941973,93.06801283166915,46.2364954138128,23.679723255128216
8.77680874676966,84.5781797214394,67.31597465309956,2.149941312316751
-22.316258515492386,99.68825514124507,41.9237280838973,-0.8183810458896043
22.251895387542937,67.75022827964185,45.96941701484567,13.065557322761604
64.8639247254751,54.00178113634728,29.058561644016535,51.33693504553897
46.659453484572595,55.500715174842966,31.239149142610483,13.787185440734332
79.3622048515734,39.46626772827425,2.537732033567924,20.629193291036966
47.27827967200727,62.79507213541365,4.728849491435781,7.237531922736254
54.64947827032747,55.36040261227811,53.770162208909774,18.583724146640236
-0.8888062204222914,77.97324039221685,37.43070626551563,29.041463294995907
-42.581245584938614,74.6094009941811,22.908400567289036,-2.97450504544881
-12.458216409919633,82.35389881914932,55.845464157891335,10.145051560768069
11.046653005643925,76.12260332149012,6.598687614514827,18.076102546374365
1.9720201648212452,84.304588567832,65.82833289862627,28.962779662900562
6.2159272920167155,82.435243078538,33.679730018215274,25.414616496001674
-71.95488305372015,130.55423420112723,59.57480580103441,-14.22949838331381
83.71376570503067,27.820222280473683,48.451906052698064,1.8905280127981685
-15.035331504666983,92.04976468590841,23.892986632960582,9.862139358584109
-24.158042923533667,98.39998353215059,53.709612962135466,13.484131017559001
62.42083160357884,46.00158837187116,8.610665620942203,30.475432259115617
-14.476635671178194,81.91334395500535,-0.9744249439132403,14.829761148342198
51.88928177271565,59.864756353301196,-3.8155571605052336,11.0712759541812
-59.91508651280339,95.18676665963994,14.624588266305407,-4.47729925473659
10.8529546827263,60.315800790984305,58.165882902738055,3.492904643907347
-66.95394933582247,134.68520009528663,34.03589967568809,31.413280909357994
7.823574941918765,78.749514497653,13.346360603457398,25.548956185793795
56.87091975182218,51.522895669994384,45.44497682889033,39.57378177054239
-36.10338356609159,115.84165888476643,-5.977592097129588,-1.710233919828208
27.901734515144856,63.825804680771284,-11.902346814597252,25.719868422571093
42.18398486720082,59.27553632446857,-0.4429980951355776,38.21299878295894
-9.328997648533042,95.20184373402294,33.75147569089889,29.61693602204821
-44.119243401611996,132.6294128545292,-3.180269603981093,41.81015093432875
43.892597125367246,51.38690353599949,25.714380847114263,16.67344652125066
73.07956246966951,46.010460829245595,-6.97223473133351,-10.608623132690813
88.66948377254913,36.9957902439753,19.13895378307379,22.039357917926583
76.8440076399254,32.30216664115231,-12.146313367337605,15.763025297787399
85.18837326263527,46.768372641564255,64.42136605261027,34.50395919493626
-19.360041867328473,85.45116501151806,3.0623873349446535,-7.736179141805239
51.769112986618175,55.93840307420402,-4.865504679366388,23.63273525275246
60.219793088105966,58.854886273375506,16.862348475317024,16.665479874006337
-3.1826460269217582,87.2684630412818,15.009414100996057,17.345504040520495
74.49548435922979,44.294910418075474,21.21206674667501,5.532510149677711
-57.44315886449528,117.52546118847472,6.363725676654195,13.834366577440411
53.25864797362696,54.57080204954357,-0.8831502189585669,9.517362195615659
35.30467004461981,59.048840281520626,-0.9885688307660669,0.4745517579819298
-28.55289407794522,101.37420382560308,-10.530066315977617,14.862814665686262
-49.78865254086,118.99454496219806,-13.668157357996256,3.2715740728071774
32.9853264111018,53.477248230208524,20.247434685018646,2.41706421268366
-62.27947424411674,118.68360996235731,15.699847039995056,1.4887962390917304
-29.89022327217419,88.94413417920167,9.157370380092493,20.667367027481216
73.34895522008269,37.76329360174126,21.746598449495966,10.36883942373608
42.51341343386325,63.48723849053704,30.825005687945385,-12.10394129658138
-15.85145098590894,103.12351722115754,46.426420276629074,11.761643337420653
-4.19402729405052,73.22381622234802,29.14887687078181,30.036194707770626
-35.102858111014925,98.08816941637683,43.53346206370072,11.949912722571467
45.3367858137167,54.941317430389745,-5.698667183961956,3.4607315505688585
17.25424635634652,64.23656546332934,-1.940040797830196,16.13447410962117
30.32815803082795,73.33535760626255,-12.53312656293078,14.268891981415988
-34.47569384685914,100.75105879864958,-8.407661772121006,16.541793242377363
72.48507946210684,38.95697560373076,28.383720509458268,-5.033782799757414
-30.604285258943346,100.49545240293271,51.57537897947603,16.779021168389644
42.066250516763084,63.16750528278851,42.05304472370312,18.79861692984201
83.70299303753715,33.77499613131623,-9.514178896291561,42.43689850207663
67.91682154368094,44.92506308691118,37.85421419210609,2.6381356176702875
-62.26734502877635,111.43705018236277,29.49580386812365,29.27741557211166
13.61769888187828,74.60118297655242,28.804195009921852,0.32629456414864544
43.33495071641725,61.006105820835955,29.484803323876598,17.23424910722155
-2.765375954426519,86.26349904738942,26.52351656245228,-1.6846694854295012
-39.74159304812138,110.11977751037995,16.15765838885719,31.759270938293103
-44.07547265694164,85.60727951438317,29.73890841146042,5.092588810323097
-19.901948727524886,84.97729747588652,38.977781434066294,27.386521989358013
30.752281971186164,67.94781879760986,14.755060024882818,19.996310006364403
11.869476938807221,70.79110660753202,4.606009822337647,20.60022144546841
62.37706233666472,44.178354911325194,26.722398077845423,16.725143956935014
-31.692484094633112,99.69139138694665,11.138538870772072,-0.4589286086261782
37.437774475752626,59.95433531328907,-11.637655204248702,6.989734168032689
88.4025037956469,34.09211430678655,36.81080974022894,-2.5885559415789814
-20.152779674583,97.41075762864035,-4.5316860572990905,8.578430007369832
-11.81613764380216,89.27866795624509,21.402842407583517,-1.4675500375000692
-24.337826037853965,85.48233832637635,34.092964728365445,16.1795358666869
-57.96473507450875,150.09334226274578,2.8405130417297006,7.9724172619998495
-49.552346330695954,86.87642262160803,5.27923525795539,5.926502664682985
57.44356208709138,53.55618470955103,26.63353194907938,20.951063246507353
-23.043098791658004,87.54823101442881,49.21508337014234,9.83852582289048
-32.03903436321324,110.5304185930711,15.096334409631256,23.817976067258044
61.3932379443176,37.98056289124425,6.73440081571433,24.61419733935691
-86.73214407940753,127.34869383445525,4.725395096344141,38.44657632603472
-21.778706116571755,86.1237281344798,32.025666008509,23.461297048710616
-45.62266732461308,130.99519149974515,7.075704858848508,25.28181431025691
-16.63097819996746,106.98387988971494,48.00921206477551,1.5070261418237874
-60.292599616772236,98.44279716037043,6.449306106666369,-1.488321707369816
45.700801476033504,67.10873219553135,13.335056544730257,29.482320862097865
-37.92405425309882,111.2947335213388,10.821196020623875,31.771134749150796
42.10745450933474,64.34064953879091,27.587444955318873,16.892343990176837
-49.39320303448133,119.79388229031437,39.174841951856635,20.89105160065451
60.437079618485406,45.82068534570374,5.220346351509633,17.97769968065556
-64.75365406224563,124.81138508425444,2.9309359123633643,35.94753147377128
61.30333574462661,38.37393099249909,44.54351424705845,19.91631165444429
-55.93171098507958,105.25800696081424,48.474711356773966,6.1847204656080255
-4.705064736135904,90.87622530063136,2.6452633994213373,8.104820674819038
21.14425918405071,69.50561839082476,19.850012401582543,28.231343344710776
-52.906886861164836,136.10441077450122,27.693596809422818,25.487292714018007
13.828725029364383,63.968876210655914,-7.474845828249732,20.495742327633458
28.671051232009713,71.3419144861013,56.624129735762274,21.498149173749923
-8.402306560949295,78.53344894816627,1.129198654600126,4.128205745885743
48.00602793840693,60.776560308983626,36.38459483721506,-13.883118002331752
11.910560358129457,81.68870872666439,26.838782822652465,-4.1553291982860925
-73.922931043961,115.46617031750404,60.3998129137525,16.00116001310284
60.34367261534276,52.33727633002941,17.46729373164542,33.76684493953731
102.495568671364,40.543138490403614,29.83689948416947,25.50669026587713
-56.20465802592864,89.96213813122053,-3.7126316316475547,8.967752941244695
-53.85644168763622,123.44106227161528,-0.6983526390627572,9.678836387535393
20.343686379122676,80.82952311608754,-12.722872231079913,21.767281311713376
30.286963551432923,71.8016425372264,-8.251650316114963,19.85121424415347
-2.1563671305472054,75.29785917537706,14.576353908581224,-3.2789986903565715
-55.475582549888365,114.53613174392099,46.11646032530342,-19.062508552706337
4.672853619379916,79.33413778930594,17.845682957749602,-4.720511409489371
-22.32471476544591,95.97879599144025,9.548558649037716,11.303096382048274
9.568434966579836,81.78434713166392,48.95920543359287,36.290766092906956
73.38035504669975,35.1560833976014,2.944310186698047,28.131111251765383
-5.3677617885656,91.73607844783888,53.701705294753424,10.871209116736917
110.68460757073127,30.576681721979394,33.70318718595357,24.467152561585994
67.28158353585219,41.79422542000206,24.578614858175786,16.490272573835806
-42.3375432963663,96.00497577256651,42.407456296013486,18.54345813870405
5.6103445909821374,78.80449368428167,41.81415523927402,-0.15381786945187145
-53.01599070403009,99.34148632921519,56.50740488871165,25.186479008479562
-57.312669649785136,102.99113002871155,-9.861758816156845,5.35105901097164
15.111512427531665,62.143264180553274,-10.627884880453243,23.631941137717998
-73.94302039570431,132.61650112254583,29.76029979245606,29.029054245546764
52.11868608052851,60.34006448339069,17.443905079223914,9.75947739470595
35.70347845226215,58.63976925018033,-2.537986906517348,31.94294388657233
91.73543352137362,36.52344412829311,37.64804998187387,-9.916414141968314
43.1972706416812,56.152259840634365,11.112368304973282,32.17112078035371
71.86150090695128,50.258929719503385,6.041365405884979,11.273440371981497
-23.124537973653176,101.99762670868819,0.08826628448922746,15.48789608338439
95.04382640489958,33.71801179176456,24.879122776513704,12.70808339010403
-46.18058519909434,109.29870011915995,45.60196668345579,10.188188307394618
86.21023034646849,49.37774147552683,42.39134443670097,7.77754751028807
71.6562856294457,43.901994107569976,18.136806906447486,13.436829213150787
44.07923543187123,56.26832301648285,28.396033990572246,15.572132950033641
58.08030756304616,39.410941659396165,-12.53617808720387,25.602230757791833
-44.168928340897416,111.82631863069989,-0.5375738107919507,-0.37422486143292427
60.788150383131274,54.96561803001711,-13.058969976136567,35.74644155464385
-45.44935799288196,117.09358861136914,46.47319188171803,44.655616765495814
-41.79421728804317,125.82841098578277,5.70229380801435,11.879616618275927
-77.24740966811737,95.13740668651964,36.176037598902724,21.719960863139598
44.39748220472359,53.80012384998826,0.2107801069901533,-2.8896088575013503
45.3130138562068,55.19986626025512,14.214420213737439,27.04128227468741
-5.176956315574873,77.32151601687866,35.24568125405626,10.932376110584995
-66.74147023238419,131.0206648734965,55.964223461863305,5.58579893910296
-61.10862539554168,119.20122193264746,31.984613459175925,9.299761952877763
53.26634164810511,45.01656346373167,4.3289835864627735,27.239503980148662
35.11806784428304,52.928925236098245,56.17113793176252,4.771703417793675
-38.62984112092391,105.88633057654665,32.53139119216047,25.048592400162423
76.19911650241254,33.91578467824442,20.8589474552373,32.254898426130474
17.500970903566877,60.69610251603429,45.891875408020844,12.05024513108167
-64.11645887712532,109.43427278943118,-10.22983594366881,38.76542133587451
92.06285997728405,36.349715311981775,57.533763350568506,40.280382645095365
-20.68546120495045,99.56206950743751,14.663295457061219,34.8609660645065
-1.4916828023421704,83.21391037745288,14.648404268684011,33.43525191967798
76.07050922033518,39.01549663577372,2.206420742562836,29.9353910758947
81.13962539211575,40.041308281976306,23.435767901041984,9.029504394328733
-27.723852537335382,109.30774132913137,2.65831876178837,32.18640951464635
79.0683511144155,46.27062092564935,21.116639767806056,2.1685944593591837
-38.83228028372927,100.79758538930675,52.89047545952947,21.828260302310717
-84.56925601626537,130.58440156036164,14.179028466561816,16.263344818535717
-71.76038214973389,136.3203842142009,38.78933198348791,14.614212678168952
-55.939213532000565,124.88149068141603,6.226000104224648,21.90075350161417
19.187523967101388,84.296495486111,-3.33987000172428,-4.296475221619642
-40.85241798287586,103.76665121725182,42.33971741864725,14.506498743993804
64.87888975244519,52.42501953094106,22.032832865168125,14.254763310260213
-14.494123792956032,78.53723494708771,41.337157879168615,0.7906224998727085
-65.67837173810753,128.93556383867033,11.855779026529037,19.189660991336183
5.86535198901775,68.42405125342849,31.66372942534145,15.290212165663194
-70.0629140473965,125.06006690264832,59.53836190406541,29.47468101785672
-81.45895611546338,119.75795008237932,35.05782696891773,16.678210500525765
69.78530070872372,44.11236176070038,4.769134219146029,33.04343512741295
-51.58765410097767,96.8120958152248,28.13695550849265,9.332062200063028
-63.72803944582579,99.43173925494654,2.0187080764837138,-6.050564561608102
-35.428769397511964,99.37221863857297,4.701171735012496,2.1423648878122283
-69.37338303198204,114.62069567149489,23.952625342570652,8.96335923756981
-4.984905874037053,81.16968709391328,27.036753067636614,-21.427846356971916
32.33779210524128,55.919823467597766,52.90716491269088,2.7334768377982215
-13.664267349058488,94.96760943952242,48.91499878726057,17.12920806502409
13.47722658010784,78.12478565827686,-14.890155617269622,26.90043590120432
-70.68812749371297,143.48326777495126,45.617206905633466,23.34136720332957
-46.16317088771222,113.27806448795275,30.822918360575606,20.379815536646678
-31.04086293980772,94.41451017140308,-6.531600026088949,26.951301325656644
31.06097737681722,68.33314381905706,-6.93685153537039,-22.934542058043952
52.25242976043288,64.55185443029441,19.81527180387527,15.179286693823665
95.33156957524153,34.46277345245794,19.22789706632307,-10.327645898501435
0.7660662484033238,87.08072437516788,49.200252895568504,15.301253578482378
-47.49460557741208,112.85353429658775,-1.1716323008641663,18.21201923680025
-20.508995986568017,79.93906286936893,51.17446117802808,40.7454317987872
-14.928366123593761,101.55647201655397,36.181203310764644,14.86820531553353
70.2833256786694,47.03729313618589,7.346369738789206,12.662854602725476
36.31868849076007,62.05082875604884,2.252930971763224,26.417638357571207
3.4757469652480113,99.70235043807253,43.88318800797698,39.24715080365325
2.7111732374698465,75.29983327428312,38.15498023485942,-9.841610665252423
51.694886439536226,60.35320486754726,-3.928689968293541,12.336857710265688
47.113800886694925,57.51040239032555,27.87935325894716,9.988117912521655
85.80859585383376,42.16839405672516,-8.959305848391356,13.510104023809243
7.075748569419068,82.93956937944593,32.556000755257614,14.115087921948692
46.89180860296832,53.05126670651159,6.776138030375138,22.663537439019226
66.37267569814374,29.006210072368443,-9.2610803938479,19.042172261881696
93.27274917921858,40.43511493285862,-15.438683275405268,11.322897219121904
-54.1876978508408,109.85578026563563,37.90403834491975,15.271631497233107
97.07530325892779,28.645633149851932,55.25659429852735,18.139002480776647
16.16777378403697,79.19974346706307,44.05599623823904,20.793371626433668
87.65283997127715,41.46046508222631,29.926677729446588,41.150374458739094
79.92958477686315,49.12840367808186,26.952848660181722,20.414847263865195
67.45494290258898,50.55108873096397,6.36405407724107,-4.7804527672412025
56.03683088798262,49.96072918991995,-6.129998974008907,6.341814031766115
39.952396985111356,63.299880521537084,47.4935079886129,23.151313349312847
86.51368187591534,24.176121356199964,5.252668571987624,26.86094394124246
20.142553386320355,71.45000888858159,44.61898152801068,17.72348072503284
-30.810832501306685,109.33079310087298,-12.825847685878896,10.090330569080832
19.883994775019136,72.59440273133457,26.96674563592646,56.212647959106235
24.46583392879535,76.96908220718657,32.16233934431283,17.445054954247613
67.49245252182111,46.361592820727914,-2.243067513906905,23.30736682089361
23.95858762051581,59.96466602189312,-3.5885226130330716,5.649218608707486
-7.628457136490417,76.43881518949851,19.540164131555812,23.37495203316787
50.38381397943972,66.5542495424091,-14.537726953526663,35.01088858219503
2.520289986671162,93.14685305707557,32.46424464878864,37.45835966431244
-45.322373210003846,92.97581911738945,7.41185158719772,31.725711022123647
80.47629961696933,40.38088014386643,-3.188935397399587,24.371521914085534
32.12320235456953,60.5546026835393,44.75909941802047,5.25106598783444
24.76455750517541,67.06222139330629,57.48793721755617,7.01708025181651
62.40104674791291,55.52488442960975,28.18949367923135,32.09938982752932
16.946325989297474,63.02907286861004,-10.685173355719925,15.400286489160033
-0.9095368225449939,79.28264892408424,22.25107360100926,41.21696070736978
-74.78615553051252,112.29881300107772,5.494647939255257,56.52260005304969
31.115523777803194,73.13559919192491,-2.385910885532013,12.625027920948499
-36.23385021509998,120.64393425584751,-12.799351691750259,32.89749020158985
20.99456566976906,62.50142768212743,2.5821378057018567,27.727322140698917
76.12252023736923,44.92544353157937,-7.36899608498568,6.553895052409007
